eval,n_active,mean_best,median_best,p25_best,p75_best,min_best,max_best
0.0,25,49.58198334,45.31414490,35.72112335,58.03771599,24.28788905,88.26269852
120.2,25,15.63002224,16.45759949,12.62612634,17.92861484,8.09241509,23.23701682
240.5,25,13.55078097,13.43537042,10.97178793,15.56290605,6.70386860,19.52247862
360.7,25,10.25699141,10.03662723,8.60932978,11.72483300,6.32951586,14.72819996
481.0,25,7.06699658,7.40003099,6.14216017,8.40977205,1.94193931,10.45823710
601.2,25,4.64970581,4.62602573,3.04247575,6.30225357,1.10076598,9.63808323
721.4,25,3.33621160,3.16203185,1.94193931,4.35583533,1.10076598,6.90485892
841.7,25,2.45874792,2.14485509,1.21164613,3.39081594,0.45678317,6.29513675
961.9,25,2.18297199,1.89501750,1.20686149,2.70293478,0.45678317,6.22907276
1082.1,25,1.76672083,1.39757553,0.82707898,2.32051623,0.16872398,5.30956378
1202.4,25,1.39294468,1.11155747,0.65638692,1.60217678,0.15975154,4.68143743
1322.6,25,1.12891758,0.90614510,0.43598517,1.43819600,0.12880827,3.89976289
1442.9,25,0.81548162,0.60946070,0.29236853,1.12354101,0.10891371,2.49666736
1563.1,25,0.61688194,0.39297290,0.21400151,0.87187879,0.10891371,1.86829268
1683.3,25,0.50935030,0.31259496,0.15578176,0.63191440,0.10891371,1.53169835
1803.6,25,0.40437120,0.25398199,0.13101795,0.46205654,0.10891371,1.32580637
1923.8,25,0.33019830,0.21886261,0.12584256,0.43933923,0.09707025,1.09451495
2044.1,25,0.29518714,0.18752890,0.11623216,0.37931163,0.09631167,0.98257977
2164.3,25,0.25099101,0.16231702,0.11444980,0.34731839,0.09631167,0.75304532
2284.5,25,0.23179485,0.14537962,0.11238979,0.29176363,0.09631167,0.70524401
2404.8,25,0.20698478,0.12384438,0.10796378,0.26498004,0.09473325,0.61682249
2525.0,25,0.19073143,0.11600883,0.10559553,0.17636606,0.09387441,0.61327735
2645.2,25,0.17656070,0.11524212,0.10241547,0.15525264,0.09215151,0.54484661
2765.5,25,0.16049848,0.11524212,0.10241547,0.15127616,0.09215151,0.47560154
2885.7,25,0.14891938,0.10935441,0.10126665,0.13061151,0.09030637,0.43319585
3006.0,25,0.13940091,0.10849834,0.10087113,0.12086182,0.09030637,0.35765399
3126.2,25,0.13306022,0.10849834,0.10047013,0.11963036,0.09013242,0.32714797
3246.4,25,0.12575353,0.10768594,0.09991223,0.11634576,0.09012087,0.28444553
3366.7,25,0.11921793,0.10661938,0.09956283,0.11477673,0.08920515,0.24081438
3486.9,25,0.11438801,0.10522707,0.09873877,0.11403899,0.08920515,0.24081438
3607.2,25,0.11179852,0.10382672,0.09789646,0.11128490,0.08874363,0.21404866
3727.4,25,0.10912637,0.10180205,0.09687806,0.10831533,0.08730276,0.19672722
3847.6,25,0.10677247,0.10180205,0.09429032,0.10621507,0.08612374,0.18570794
3967.9,25,0.10455639,0.10087973,0.09312087,0.10578437,0.08548447,0.17467347
4088.1,25,0.10287074,0.10006588,0.09271818,0.10547333,0.08466658,0.16327086
4208.3,25,0.10157957,0.09943075,0.09213967,0.10479074,0.08453430,0.15215866
4328.6,25,0.10047172,0.09876088,0.09092516,0.10470026,0.08404875,0.14565945
4448.8,25,0.09986770,0.09876088,0.09061806,0.10428934,0.08355308,0.14148175
4569.1,25,0.09911291,0.09797085,0.08987427,0.10389511,0.08324435,0.13782948
4689.3,25,0.09843674,0.09789632,0.08940810,0.10283911,0.08324435,0.13546883
4809.5,25,0.09790823,0.09748931,0.08918971,0.10191650,0.08299382,0.13292896
4929.8,25,0.09740702,0.09690990,0.08888782,0.10105773,0.08258016,0.13045919
5050.0,25,0.09683120,0.09627295,0.08871782,0.10019294,0.08258016,0.12817792
5170.3,25,0.09641534,0.09601826,0.08865400,0.09980835,0.08241113,0.12607524
5290.5,25,0.09602383,0.09522480,0.08848593,0.09914560,0.08241113,0.12462265
5410.7,25,0.09563900,0.09522480,0.08824060,0.09900132,0.08214622,0.12190588
5531.0,25,0.09530406,0.09510997,0.08795490,0.09839871,0.08205472,0.11968023
5651.2,25,0.09498466,0.09437459,0.08787233,0.09825301,0.08183754,0.11957555
5771.4,25,0.09467154,0.09420116,0.08754429,0.09748704,0.08180508,0.11856170
5891.7,25,0.09430067,0.09415361,0.08747065,0.09734631,0.08169795,0.11656834
6011.9,25,0.09396296,0.09397948,0.08726774,0.09718879,0.08155906,0.11586775
6132.2,25,0.09366491,0.09264149,0.08725255,0.09718665,0.08144889,0.11489404
6252.4,25,0.09341049,0.09264149,0.08713651,0.09703510,0.08144889,0.11419822
6372.6,25,0.09309586,0.09214082,0.08689132,0.09695397,0.08135720,0.11309386
6492.9,25,0.09282339,0.09154719,0.08675392,0.09679058,0.08122884,0.11151280
6613.1,25,0.09260169,0.09055992,0.08663677,0.09665025,0.08120470,0.11151280
6733.4,25,0.09235306,0.09038896,0.08660533,0.09645380,0.08110783,0.11116356
6853.6,25,0.09208864,0.09032430,0.08650987,0.09644213,0.08102386,0.11030617
6973.8,25,0.09193558,0.09031577,0.08643846,0.09621836,0.08098754,0.10984063
7094.1,25,0.09165345,0.09015544,0.08637860,0.09580595,0.08094162,0.10928785
7214.3,25,0.09140734,0.09008518,0.08593687,0.09563849,0.08084967,0.10901863
7334.5,25,0.09119611,0.08971847,0.08578010,0.09563849,0.08078112,0.10883089
7454.8,25,0.09094958,0.08928516,0.08552046,0.09544519,0.08069214,0.10869854
7575.0,25,0.09072278,0.08883599,0.08525761,0.09499447,0.08067294,0.10847604
7695.3,25,0.09053418,0.08855777,0.08514675,0.09461407,0.08063994,0.10844016
7815.5,25,0.09030224,0.08833038,0.08499933,0.09459940,0.08058275,0.10828129
7935.7,25,0.09010385,0.08801264,0.08492809,0.09455095,0.08058123,0.10826888
8056.0,25,0.08983616,0.08762190,0.08488788,0.09401644,0.08050819,0.10818352
8176.2,25,0.08967784,0.08722439,0.08479703,0.09350739,0.08048964,0.10813697
8296.5,25,0.08946749,0.08698821,0.08479703,0.09337813,0.08048964,0.10805061
8416.7,25,0.08922279,0.08673957,0.08473080,0.09298333,0.08048964,0.10793285
8536.9,25,0.08903616,0.08673957,0.08470957,0.09283717,0.08048964,0.10787754
8657.2,25,0.08886680,0.08645571,0.08469984,0.09272392,0.08048964,0.10778624
8777.4,25,0.08866176,0.08618343,0.08418661,0.09248646,0.08045983,0.10772775
8897.6,25,0.08850414,0.08589641,0.08418661,0.09211562,0.08045858,0.10767591
9017.9,25,0.08831518,0.08558045,0.08413813,0.09189734,0.08042797,0.10761815
9138.1,25,0.08816114,0.08529913,0.08413813,0.09164976,0.08042055,0.10750738
9258.4,25,0.08796226,0.08515042,0.08407844,0.09130987,0.08038071,0.10742304
9378.6,25,0.08779661,0.08485902,0.08387935,0.09101651,0.08034925,0.10736275
9498.8,25,0.08765073,0.08452596,0.08358289,0.09081151,0.08031611,0.10725423
9619.1,25,0.08745968,0.08438185,0.08350392,0.09051355,0.08031611,0.10690891
9739.3,25,0.08728939,0.08432639,0.08317621,0.09035379,0.08026111,0.10690891
9859.6,25,0.08712593,0.08411388,0.08289853,0.09023232,0.08021948,0.10662226
9979.8,25,0.08698172,0.08407381,0.08281308,0.09008723,0.08016694,0.10640592
10100.0,25,0.08683497,0.08405693,0.08274002,0.08975014,0.08013152,0.10625517
10220.3,25,0.08671870,0.08401214,0.08267663,0.08964885,0.08011320,0.10625517
10340.5,25,0.08661426,0.08392778,0.08265322,0.08964774,0.08009271,0.10606266
10460.7,25,0.08651002,0.08381234,0.08258359,0.08952706,0.08005511,0.10588332
10581.0,25,0.08642833,0.08374191,0.08252927,0.08944999,0.08003628,0.10588332
10701.2,25,0.08632515,0.08371629,0.08237675,0.08941882,0.07999442,0.10561572
10821.5,25,0.08623748,0.08366640,0.08224444,0.08914565,0.07995161,0.10524730
10941.7,25,0.08615284,0.08355143,0.08217342,0.08909795,0.07994358,0.10497355
11061.9,25,0.08607184,0.08352485,0.08213346,0.08897429,0.07991827,0.10472743
11182.2,25,0.08598832,0.08350070,0.08210477,0.08888388,0.07989390,0.10450074
11302.4,25,0.08593499,0.08345330,0.08210477,0.08882759,0.07988064,0.10420280
11422.7,25,0.08585334,0.08342785,0.08209371,0.08874212,0.07987408,0.10382848
11542.9,25,0.08579057,0.08341225,0.08204034,0.08874212,0.07987408,0.10358981
11663.1,25,0.08573184,0.08337768,0.08199046,0.08864230,0.07987408,0.10349226
11783.4,25,0.08568167,0.08333870,0.08192252,0.08853115,0.07985856,0.10338157
11903.6,25,0.08563824,0.08333558,0.08185053,0.08845370,0.07985378,0.10327956
12023.8,25,0.08555791,0.08333558,0.08176217,0.08812386,0.07983693,0.10301943
12144.1,25,0.08551535,0.08333000,0.08168600,0.08801866,0.07983504,0.10301943
12264.3,25,0.08546189,0.08331583,0.08160026,0.08772121,0.07982768,0.10299097
12384.6,25,0.08540877,0.08331074,0.08154285,0.08768275,0.07981523,0.10295744
12504.8,25,0.08534903,0.08328051,0.08147197,0.08744788,0.07981523,0.10279337
12625.0,25,0.08529212,0.08328051,0.08139488,0.08715237,0.07981066,0.10279337
12745.3,25,0.08524506,0.08326916,0.08133879,0.08700312,0.07981066,0.10273043
12865.5,25,0.08521017,0.08326784,0.08126834,0.08699407,0.07980153,0.10273043
12985.8,25,0.08517731,0.08325858,0.08116015,0.08675146,0.07979432,0.10270063
13106.0,25,0.08513887,0.08323953,0.08107305,0.08675146,0.07979129,0.10257654
13226.2,25,0.08509433,0.08322122,0.08099578,0.08651687,0.07976956,0.10246915
13346.5,25,0.08506132,0.08321969,0.08093233,0.08635014,0.07976956,0.10246915
13466.7,25,0.08502014,0.08319797,0.08085930,0.08606356,0.07975365,0.10242630
13586.9,25,0.08499315,0.08319415,0.08083478,0.08606356,0.07974114,0.10236366
13707.2,25,0.08495679,0.08317769,0.08083478,0.08586234,0.07972973,0.10230008
13827.4,25,0.08491750,0.08316706,0.08083313,0.08572074,0.07972413,0.10220507
13947.7,25,0.08488069,0.08312469,0.08083053,0.08550835,0.07971328,0.10214948
14067.9,25,0.08484780,0.08302558,0.08081547,0.08542427,0.07968715,0.10206532
14188.1,25,0.08481664,0.08296210,0.08081547,0.08531053,0.07967493,0.10203943
14308.4,25,0.08478619,0.08289813,0.08079142,0.08531053,0.07966616,0.10200077
14428.6,25,0.08474652,0.08278705,0.08077045,0.08520872,0.07965329,0.10195675
14548.9,25,0.08470814,0.08271832,0.08074554,0.08507847,0.07965279,0.10185384
14669.1,25,0.08467449,0.08271051,0.08070770,0.08504436,0.07963755,0.10172859
14789.3,25,0.08463706,0.08259674,0.08068071,0.08502682,0.07962856,0.10167627
14909.6,25,0.08460717,0.08241896,0.08064939,0.08502682,0.07962608,0.10163293
15029.8,25,0.08457928,0.08241896,0.08062139,0.08497088,0.07962185,0.10157671
15150.0,25,0.08453765,0.08240729,0.08058301,0.08497088,0.07961634,0.10139347
15270.3,25,0.08450162,0.08232742,0.08054618,0.08495635,0.07960311,0.10132140
15390.5,25,0.08446318,0.08232742,0.08052557,0.08495320,0.07959654,0.10116917
15510.8,25,0.08442958,0.08232742,0.08049542,0.08495320,0.07959654,0.10106551
15631.0,25,0.08440526,0.08232742,0.08047656,0.08495055,0.07959654,0.10100550
15751.2,25,0.08436568,0.08232742,0.08035842,0.08493413,0.07959654,0.10080321
15871.5,25,0.08433403,0.08187462,0.08035540,0.08493413,0.07959654,0.10074059
15991.7,25,0.08431324,0.08184809,0.08033844,0.08493413,0.07959215,0.10060860
16112.0,25,0.08429606,0.08181927,0.08033205,0.08493087,0.07958804,0.10049120
16232.2,25,0.08427586,0.08179704,0.08033076,0.08493087,0.07958699,0.10040729
16352.4,25,0.08426555,0.08175638,0.08033076,0.08493033,0.07958494,0.10035957
16472.7,25,0.08424937,0.08169049,0.08033027,0.08492855,0.07957666,0.10024480
16592.9,25,0.08423404,0.08164123,0.08033027,0.08492678,0.07957666,0.10015265
16713.1,25,0.08421516,0.08159612,0.08032894,0.08492554,0.07957263,0.10004965
16833.4,25,0.08419340,0.08154757,0.08032869,0.08492253,0.07957263,0.09988505
16953.6,25,0.08417479,0.08150202,0.08032799,0.08492028,0.07956820,0.09966880
17073.9,25,0.08416328,0.08145320,0.08032667,0.08491817,0.07956589,0.09957514
17194.1,25,0.08415345,0.08144018,0.08032667,0.08491788,0.07956589,0.09950921
17314.3,25,0.08414428,0.08144018,0.08032632,0.08491493,0.07955333,0.09948558
17434.6,25,0.08413034,0.08143665,0.08032626,0.08491392,0.07955333,0.09939928
17554.8,25,0.08412064,0.08143032,0.08032576,0.08491313,0.07954292,0.09935500
17675.1,25,0.08410752,0.08142069,0.08032576,0.08491313,0.07953167,0.09921919
17795.3,25,0.08409973,0.08142069,0.08032559,0.08490889,0.07953167,0.09918100
17915.5,25,0.08409062,0.08142069,0.08032557,0.08490889,0.07952120,0.09907378
18035.8,25,0.08408075,0.08142069,0.08032486,0.08490361,0.07950749,0.09901133
18156.0,25,0.08406945,0.08142069,0.08032427,0.08490034,0.07949992,0.09891351
18276.2,25,0.08405990,0.08142069,0.08032427,0.08489201,0.07947870,0.09886239
18396.5,25,0.08405098,0.08142049,0.08032404,0.08488984,0.07945840,0.09882859
18516.7,25,0.08404079,0.08142049,0.08032388,0.08488644,0.07945485,0.09872263
18637.0,25,0.08403397,0.08141815,0.08032275,0.08488314,0.07945056,0.09870173
18757.2,25,0.08402299,0.08141815,0.08032275,0.08487741,0.07944270,0.09862230
18877.4,25,0.08401368,0.08141703,0.08032260,0.08487524,0.07944270,0.09853904
18997.7,25,0.08400552,0.08141703,0.08032221,0.08486974,0.07943939,0.09847235
19117.9,25,0.08399333,0.08141703,0.08032206,0.08486602,0.07943431,0.09836600
19238.2,25,0.08399023,0.08141703,0.08032206,0.08485885,0.07943211,0.09836600
19358.4,25,0.08398059,0.08141679,0.08032183,0.08485461,0.07943075,0.09823713
19478.6,25,0.08397469,0.08141679,0.08032156,0.08485011,0.07943075,0.09823713
19598.9,25,0.08396647,0.08141679,0.08032155,0.08484277,0.07943075,0.09819363
19719.1,25,0.08395932,0.08141660,0.08032155,0.08484277,0.07943075,0.09811471
19839.3,25,0.08395245,0.08141625,0.08032155,0.08484187,0.07942831,0.09805219
19959.6,25,0.08394649,0.08141595,0.08032148,0.08483826,0.07942831,0.09800542
20079.8,25,0.08394139,0.08141582,0.08032148,0.08483826,0.07942686,0.09798979
20200.1,25,0.08393493,0.08141548,0.08032148,0.08483715,0.07942658,0.09797010
20320.3,25,0.08392842,0.08141523,0.08032109,0.08482993,0.07942481,0.09794837
20440.5,25,0.08392009,0.08141457,0.08032109,0.08482736,0.07942288,0.09790289
20560.8,25,0.08391367,0.08141445,0.08032109,0.08482519,0.07941999,0.09786853
20681.0,25,0.08390315,0.08141393,0.08032097,0.08482116,0.07941755,0.09783092
20801.3,25,0.08389653,0.08141353,0.08032067,0.08482114,0.07941755,0.09780101
20921.5,25,0.08389026,0.08141323,0.08032067,0.08481825,0.07941319,0.09776641
21041.7,25,0.08388298,0.08141312,0.08030592,0.08481823,0.07941319,0.09771471
21162.0,25,0.08387758,0.08141312,0.08029648,0.08481568,0.07941319,0.09768041
21282.2,25,0.08387197,0.08141288,0.08028805,0.08481380,0.07941319,0.09764830
21402.4,25,0.08386598,0.08141206,0.08027417,0.08481380,0.07941056,0.09759949
21522.7,25,0.08385879,0.08141206,0.08026555,0.08481218,0.07940832,0.09752191
21642.9,25,0.08385389,0.08141205,0.08025499,0.08481218,0.07940691,0.09748213
21763.2,25,0.08384676,0.08141109,0.08024284,0.08481131,0.07940691,0.09741127
21883.4,25,0.08384103,0.08141058,0.08023992,0.08481131,0.07940571,0.09736473
22003.6,25,0.08383260,0.08141004,0.08023900,0.08481131,0.07940571,0.09729237
22123.9,25,0.08382696,0.08140968,0.08023375,0.08481090,0.07940373,0.09724634
22244.1,25,0.08382043,0.08140889,0.08022780,0.08481090,0.07939788,0.09719659
22364.4,25,0.08381291,0.08140869,0.08022185,0.08481090,0.07939783,0.09713477
22484.6,25,0.08380397,0.08140869,0.08022039,0.08481090,0.07939783,0.09708799
22604.8,25,0.08379850,0.08140814,0.08022039,0.08481090,0.07939424,0.09708799
22725.1,25,0.08378600,0.08140747,0.08021688,0.08481090,0.07939424,0.09695435
22845.3,25,0.08377491,0.08140673,0.08021688,0.08481090,0.07939357,0.09686399
22965.5,25,0.08376085,0.08140628,0.08021598,0.08481090,0.07939263,0.09682686
23085.8,25,0.08373994,0.08140549,0.08021372,0.08481052,0.07938986,0.09659057
23206.0,25,0.08372642,0.08140500,0.08020947,0.08481052,0.07938829,0.09659057
23326.3,25,0.08371108,0.08140459,0.08020865,0.08481021,0.07938760,0.09658086
23446.5,25,0.08369698,0.08140393,0.08020865,0.08480983,0.07938718,0.09650639
23566.7,25,0.08368942,0.08140393,0.08020460,0.08480952,0.07938469,0.09650546
23687.0,25,0.08367835,0.08135377,0.08020349,0.08480909,0.07938469,0.09649013
23807.2,25,0.08366975,0.08127186,0.08020244,0.08480901,0.07938329,0.09648540
23927.5,25,0.08366004,0.08123410,0.08020129,0.08480831,0.07938329,0.09646660
24047.7,25,0.08365259,0.08117682,0.08020049,0.08480831,0.07937993,0.09644848
24167.9,25,0.08364262,0.08117674,0.08020024,0.08480795,0.07937993,0.09641629
24288.2,25,0.08363488,0.08117674,0.08019934,0.08480755,0.07937336,0.09640149
24408.4,25,0.08362945,0.08117674,0.08019871,0.08480695,0.07937336,0.09638825
24528.6,25,0.08362517,0.08117674,0.08019784,0.08480644,0.07937252,0.09637870
24648.9,25,0.08362128,0.08117673,0.08019688,0.08480552,0.07936942,0.09634614
24769.1,25,0.08361840,0.08117671,0.08019639,0.08480480,0.07936832,0.09633709
24889.4,25,0.08361460,0.08117671,0.08019624,0.08480389,0.07936380,0.09631277
25009.6,25,0.08360780,0.08117671,0.08019577,0.08480190,0.07936204,0.09630315
25129.8,25,0.08360243,0.08117671,0.08019542,0.08480057,0.07936204,0.09630196
25250.1,25,0.08359676,0.08117671,0.08019433,0.08479916,0.07936032,0.09629798
25370.3,25,0.08358989,0.08117671,0.08019346,0.08479771,0.07935294,0.09629438
25490.6,25,0.08358308,0.08117671,0.08019242,0.08479617,0.07935276,0.09629438
25610.8,25,0.08357782,0.08117664,0.08019212,0.08479434,0.07934747,0.09629331
25731.0,25,0.08356995,0.08117664,0.08018986,0.08469349,0.07934360,0.09629215
25851.3,25,0.08356123,0.08117664,0.08018777,0.08456375,0.07934360,0.09629215
25971.5,25,0.08355406,0.08117664,0.08018589,0.08442003,0.07934360,0.09629215
26091.7,25,0.08354546,0.08117664,0.08018422,0.08430423,0.07934360,0.09629052
26212.0,25,0.08353553,0.08117664,0.08018311,0.08415772,0.07934360,0.09628812
26332.2,25,0.08352300,0.08117661,0.08018174,0.08387978,0.07934360,0.09628781
26452.5,25,0.08351712,0.08117661,0.08018040,0.08381909,0.07934360,0.09628607
26572.7,25,0.08350976,0.08117661,0.08017849,0.08372656,0.07934345,0.09628599
26692.9,25,0.08350261,0.08117661,0.08017651,0.08366369,0.07934264,0.09628534
26813.2,25,0.08349744,0.08117660,0.08017440,0.08360995,0.07934264,0.09628528
26933.4,25,0.08349430,0.08117660,0.08017193,0.08360456,0.07934168,0.09628261
27053.7,25,0.08348996,0.08117660,0.08016950,0.08359544,0.07934168,0.09628084
27173.9,25,0.08348573,0.08117660,0.08016793,0.08358464,0.07934126,0.09627957
27294.1,25,0.08348355,0.08117660,0.08016771,0.08358173,0.07934113,0.09627863
27414.4,25,0.08348158,0.08117660,0.08016753,0.08358173,0.07934113,0.09627837
27534.6,25,0.08347854,0.08117660,0.08016732,0.08357179,0.07934113,0.09627655
27654.8,25,0.08347785,0.08117660,0.08016704,0.08357179,0.07934091,0.09627655
27775.1,25,0.08347584,0.08117660,0.08016679,0.08356241,0.07934071,0.09627646
27895.3,25,0.08347368,0.08117660,0.08016648,0.08356165,0.07934071,0.09627549
28015.6,25,0.08347126,0.08117659,0.08016611,0.08356037,0.07934061,0.09627549
28135.8,25,0.08346871,0.08117659,0.08016579,0.08356037,0.07934061,0.09627471
28256.0,25,0.08346692,0.08117659,0.08016539,0.08355923,0.07934061,0.09627409
28376.3,25,0.08346432,0.08117659,0.08016470,0.08355807,0.07934055,0.09627334
28496.5,25,0.08346271,0.08117649,0.08016406,0.08355807,0.07934055,0.09627253
28616.8,25,0.08346151,0.08117640,0.08016347,0.08355807,0.07934052,0.09627240
28737.0,25,0.08345955,0.08117631,0.08016211,0.08355740,0.07934044,0.09627146
28857.2,25,0.08345803,0.08117618,0.08016081,0.08355538,0.07934035,0.09627023
28977.5,25,0.08345579,0.08117613,0.08015936,0.08355538,0.07934035,0.09626960
29097.7,25,0.08345357,0.08117588,0.08015499,0.08355538,0.07934033,0.09626920
29217.9,25,0.08345211,0.08117580,0.08015249,0.08355501,0.07934019,0.09626790
29338.2,25,0.08344912,0.08117570,0.08015015,0.08355501,0.07934011,0.09626406
29458.4,25,0.08344670,0.08117546,0.08014806,0.08355441,0.07934005,0.09626382
29578.7,25,0.08344355,0.08117516,0.08014501,0.08355174,0.07933967,0.09625802
29698.9,25,0.08343925,0.08117468,0.08014272,0.08355174,0.07933967,0.09625523
29819.1,25,0.08343540,0.08117430,0.08013700,0.08355165,0.07933960,0.09625011
29939.4,25,0.08343107,0.08117382,0.08013226,0.08355128,0.07933953,0.09624434
30059.6,25,0.08342842,0.08117305,0.08012741,0.08355008,0.07933953,0.09624333
30179.9,25,0.08342531,0.08117210,0.08012529,0.08354911,0.07933953,0.09624313
30300.1,25,0.08342277,0.08117113,0.08012231,0.08354911,0.07933953,0.09624313
30420.3,25,0.08341874,0.08116982,0.08012231,0.08354908,0.07933940,0.09624229
30540.6,25,0.08341513,0.08116877,0.08012226,0.08354859,0.07933940,0.09624197
30660.8,25,0.08341216,0.08116717,0.08012192,0.08354789,0.07933940,0.09624117
30781.1,25,0.08341028,0.08116490,0.08012166,0.08354623,0.07933940,0.09624051
30901.3,25,0.08340874,0.08116293,0.08012165,0.08354476,0.07933940,0.09623975
31021.5,25,0.08340602,0.08116024,0.08012085,0.08354452,0.07933940,0.09623938
31141.8,25,0.08340444,0.08115778,0.08012085,0.08354365,0.07933940,0.09623805
31262.0,25,0.08340362,0.08115314,0.08012033,0.08354331,0.07933940,0.09623691
31382.2,25,0.08340294,0.08114829,0.08012033,0.08354306,0.07933939,0.09623525
31502.5,25,0.08340182,0.08114370,0.08011989,0.08354294,0.07933938,0.09623483
31622.7,25,0.08340097,0.08113908,0.08011937,0.08354277,0.07933938,0.09623395
31743.0,25,0.08340015,0.08113375,0.08011920,0.08354185,0.07933936,0.09623301
31863.2,25,0.08339953,0.08113109,0.08011858,0.08354006,0.07933936,0.09623207
31983.4,25,0.08339859,0.08113074,0.08011787,0.08353764,0.07933936,0.09623098
32103.7,25,0.08339745,0.08112943,0.08011738,0.08353603,0.07933936,0.09623046
32223.9,25,0.08339612,0.08112665,0.08011708,0.08353403,0.07933936,0.09623016
32344.2,25,0.08339522,0.08112407,0.08011610,0.08353178,0.07933936,0.09622936
32464.4,25,0.08339418,0.08112155,0.08011526,0.08353038,0.07933936,0.09622898
32584.6,25,0.08339316,0.08111777,0.08011451,0.08352910,0.07933936,0.09622881
32704.9,25,0.08339161,0.08111203,0.08011416,0.08352793,0.07933936,0.09622881
32825.1,25,0.08339113,0.08111203,0.08011359,0.08352664,0.07933935,0.09622881
32945.3,25,0.08339017,0.08111190,0.08011300,0.08352450,0.07933935,0.09622862
33065.6,25,0.08338910,0.08111179,0.08011300,0.08352398,0.07933935,0.09622757
33185.8,25,0.08338732,0.08111179,0.08011277,0.08352261,0.07933935,0.09622753
33306.1,25,0.08338581,0.08111178,0.08011253,0.08351933,0.07933935,0.09622563
33426.3,25,0.08338445,0.08111176,0.08011226,0.08351501,0.07933935,0.09622506
33546.5,25,0.08338300,0.08111170,0.08011204,0.08351326,0.07933935,0.09622506
33666.8,25,0.08338090,0.08111158,0.08011179,0.08351222,0.07933935,0.09622446
33787.0,25,0.08337909,0.08111155,0.08011157,0.08350830,0.07933935,0.09622275
33907.3,25,0.08337771,0.08111149,0.08011115,0.08350218,0.07933935,0.09621414
34027.5,25,0.08337548,0.08111149,0.08011066,0.08349960,0.07933935,0.09620323
34147.7,25,0.08337431,0.08111149,0.08011037,0.08349632,0.07933935,0.09620176
34268.0,25,0.08337311,0.08111149,0.08010975,0.08349001,0.07933935,0.09619691
34388.2,25,0.08337179,0.08111146,0.08010929,0.08348026,0.07933935,0.09619460
34508.4,25,0.08337079,0.08111146,0.08010871,0.08348026,0.07933935,0.09619034
34628.7,25,0.08336904,0.08111146,0.08010871,0.08347570,0.07933935,0.09618330
34748.9,25,0.08336783,0.08111145,0.08010831,0.08347433,0.07933935,0.09618086
34869.2,25,0.08336635,0.08111145,0.08010768,0.08347395,0.07933935,0.09617354
34989.4,25,0.08336556,0.08111145,0.08010681,0.08347071,0.07933935,0.09617354
35109.6,25,0.08336513,0.08111145,0.08010665,0.08346809,0.07933935,0.09617354
35229.9,25,0.08336483,0.08111143,0.08010582,0.08346809,0.07933935,0.09617354
35350.1,25,0.08336411,0.08111142,0.08010535,0.08346381,0.07933935,0.09616466
35470.4,25,0.08336329,0.08111139,0.08010530,0.08346105,0.07933935,0.09615724
35590.6,25,0.08336226,0.08111137,0.08010510,0.08345885,0.07933935,0.09614625
35710.8,25,0.08336065,0.08111133,0.08010397,0.08345799,0.07933935,0.09614430
35831.1,25,0.08335934,0.08111127,0.08010359,0.08345745,0.07933935,0.09612785
35951.3,25,0.08335821,0.08111095,0.08010269,0.08345450,0.07933935,0.09612785
36071.5,25,0.08335721,0.08111089,0.08010260,0.08345270,0.07933935,0.09612384
36191.8,25,0.08335594,0.08111083,0.08010224,0.08344971,0.07933935,0.09612203
36312.0,25,0.08335422,0.08111079,0.08010098,0.08344541,0.07933935,0.09611163
36432.3,25,0.08335344,0.08111073,0.08009993,0.08344396,0.07933935,0.09610584
36552.5,25,0.08335168,0.08111054,0.08009884,0.08344185,0.07933935,0.09608897
36672.7,25,0.08334977,0.08111032,0.08009850,0.08344034,0.07933935,0.09607203
36793.0,25,0.08334842,0.08111009,0.08009821,0.08343864,0.07933935,0.09606989
36913.2,25,0.08334727,0.08110990,0.08009819,0.08343765,0.07933935,0.09605847
37033.5,25,0.08334555,0.08110974,0.08009736,0.08343355,0.07933935,0.09603904
37153.7,25,0.08334333,0.08110952,0.08009632,0.08343097,0.07933935,0.09601212
37273.9,25,0.08334181,0.08110932,0.08009552,0.08342672,0.07933935,0.09599485
37394.2,25,0.08333966,0.08110905,0.08009448,0.08342333,0.07933935,0.09595931
37514.4,25,0.08333840,0.08110875,0.08009397,0.08342333,0.07933935,0.09594280
37634.6,25,0.08333767,0.08110836,0.08009374,0.08342280,0.07933935,0.09594119
37754.9,25,0.08333638,0.08110789,0.08009336,0.08342226,0.07933935,0.09593369
37875.1,25,0.08333505,0.08110759,0.08009166,0.08342200,0.07933935,0.09592864
37995.4,25,0.08333267,0.08110721,0.08009166,0.08341934,0.07933935,0.09591456
38115.6,25,0.08333029,0.08110694,0.08009094,0.08341465,0.07933935,0.09591456
38235.8,25,0.08332753,0.08110680,0.08009040,0.08341127,0.07933935,0.09590692
38356.1,25,0.08332526,0.08110669,0.08009020,0.08341127,0.07933935,0.09590692
38476.3,25,0.08332228,0.08110666,0.08008962,0.08340902,0.07933935,0.09590303
38596.6,25,0.08331941,0.08110666,0.08008820,0.08340852,0.07933935,0.09590303
38716.8,25,0.08331526,0.08110666,0.08008721,0.08340841,0.07933935,0.09590249
38837.0,25,0.08331129,0.08110666,0.08008672,0.08340794,0.07933935,0.09590128
38957.3,25,0.08330642,0.08110095,0.08008600,0.08340794,0.07933935,0.09589670
39077.5,25,0.08330152,0.08110095,0.08008546,0.08340790,0.07933935,0.09589670
39197.7,25,0.08329509,0.08109731,0.08008425,0.08340754,0.07933935,0.09589668
39318.0,25,0.08328860,0.08109506,0.08008307,0.08340718,0.07933935,0.09589501
39438.2,25,0.08328335,0.08107889,0.08008186,0.08340525,0.07933935,0.09589432
39558.5,25,0.08327959,0.08107195,0.08008170,0.08340189,0.07933935,0.09589280
39678.7,25,0.08327663,0.08106592,0.08008126,0.08340078,0.07933935,0.09589195
39798.9,25,0.08327244,0.08105760,0.08008093,0.08340033,0.07933935,0.09589059
39919.2,25,0.08326736,0.08105760,0.08007929,0.08339900,0.07933935,0.09589059
40039.4,25,0.08326138,0.08105656,0.08007929,0.08339824,0.07933935,0.09588943
40159.7,25,0.08325959,0.08105656,0.08007781,0.08339794,0.07933935,0.09588812
40279.9,25,0.08325922,0.08105656,0.08007566,0.08339554,0.07933935,0.09588711
40400.1,25,0.08325878,0.08105656,0.08007511,0.08339418,0.07933935,0.09588476
40520.4,25,0.08325825,0.08105651,0.08007474,0.08339252,0.07933935,0.09588297
40640.6,25,0.08325784,0.08105651,0.08007250,0.08339252,0.07933935,0.09588196
40760.8,25,0.08325722,0.08105501,0.08007022,0.08339161,0.07933935,0.09588121
40881.1,25,0.08325618,0.08105501,0.08006477,0.08338912,0.07933935,0.09587606
41001.3,25,0.08325502,0.08105476,0.08006323,0.08338822,0.07933935,0.09587274
41121.6,25,0.08325412,0.08105476,0.08006253,0.08338817,0.07933935,0.09586972
41241.8,25,0.08325269,0.08105476,0.08005922,0.08338624,0.07933935,0.09586855
41362.0,25,0.08325036,0.08105476,0.08005876,0.08338615,0.07933935,0.09586748
41482.3,25,0.08324739,0.08105476,0.08005853,0.08338492,0.07933935,0.09586564
41602.5,25,0.08324358,0.08105473,0.08005844,0.08338220,0.07933935,0.09586411
41722.8,25,0.08323725,0.08105470,0.08005661,0.08337796,0.07933935,0.09586167
41843.0,25,0.08323118,0.08105458,0.08005654,0.08337551,0.07933935,0.09585464
41963.2,25,0.08323059,0.08105438,0.08005606,0.08336828,0.07933935,0.09584992
42083.5,25,0.08322985,0.08105436,0.08005442,0.08335922,0.07933935,0.09584603
42203.7,25,0.08322952,0.08105436,0.08005442,0.08335922,0.07933935,0.09584203
42323.9,25,0.08322887,0.08105436,0.08005442,0.08335277,0.07933935,0.09583840
42444.2,25,0.08322821,0.08105429,0.08005223,0.08335277,0.07933935,0.09583237
42564.4,25,0.08322744,0.08105429,0.08005223,0.08335115,0.07933935,0.09582851
42684.7,25,0.08322646,0.08105427,0.08005132,0.08335115,0.07933935,0.09582626
42804.9,25,0.08322570,0.08105426,0.08005132,0.08335115,0.07933935,0.09582173
42925.1,25,0.08322460,0.08105423,0.08005132,0.08335115,0.07933935,0.09581520
43045.4,25,0.08322388,0.08105422,0.08005059,0.08335115,0.07933935,0.09581248
43165.6,25,0.08322321,0.08105420,0.08005059,0.08335032,0.07933935,0.09580757
43285.9,25,0.08322288,0.08105420,0.08004855,0.08335019,0.07933935,0.09580416
43406.1,25,0.08322258,0.08105420,0.08004770,0.08335014,0.07933935,0.09580396
43526.3,25,0.08322238,0.08105420,0.08004770,0.08335008,0.07933935,0.09580304
43646.6,25,0.08322212,0.08105420,0.08004675,0.08335008,0.07933935,0.09580150
43766.8,25,0.08322180,0.08105419,0.08004652,0.08335008,0.07933935,0.09579661
43887.0,25,0.08322140,0.08105418,0.08004652,0.08335008,0.07933935,0.09579265
44007.3,25,0.08322089,0.08105418,0.08004517,0.08335008,0.07933935,0.09578922
44127.5,25,0.08322039,0.08105418,0.08004432,0.08335007,0.07933935,0.09578156
44247.8,25,0.08321988,0.08105418,0.08004299,0.08334951,0.07933935,0.09577676
44368.0,25,0.08321893,0.08105418,0.08004252,0.08334951,0.07933935,0.09576573
44488.2,25,0.08321838,0.08105418,0.08004250,0.08334814,0.07933935,0.09576336
44608.5,25,0.08321773,0.08105418,0.08004087,0.08334806,0.07933935,0.09576027
44728.7,25,0.08321686,0.08105418,0.08004003,0.08334803,0.07933935,0.09574813
44849.0,25,0.08321631,0.08105418,0.08003966,0.08334770,0.07933935,0.09574405
44969.2,25,0.08321529,0.08105418,0.08003934,0.08334770,0.07933935,0.09574125
45089.4,25,0.08321390,0.08105418,0.08003934,0.08334770,0.07933935,0.09572460
45209.7,25,0.08321254,0.08105418,0.08003925,0.08334756,0.07933935,0.09571208
45329.9,25,0.08321154,0.08105418,0.08003925,0.08334746,0.07933935,0.09570555
45450.1,25,0.08321025,0.08105418,0.08003906,0.08334745,0.07933935,0.09570264
45570.4,25,0.08320897,0.08105418,0.08003865,0.08334745,0.07933935,0.09569794
45690.6,25,0.08320769,0.08103921,0.08003842,0.08334737,0.07933935,0.09569395
45810.9,25,0.08320729,0.08103534,0.08003837,0.08334737,0.07933935,0.09569170
45931.1,25,0.08320710,0.08103534,0.08003799,0.08334726,0.07933935,0.09568863
46051.3,25,0.08320691,0.08103534,0.08003744,0.08334726,0.07933935,0.09568542
46171.6,25,0.08320675,0.08103534,0.08003646,0.08334726,0.07933935,0.09568305
46291.8,25,0.08320647,0.08103534,0.08003547,0.08334725,0.07933935,0.09567941
46412.1,25,0.08320608,0.08103534,0.08003292,0.08334721,0.07933935,0.09567548
46532.3,25,0.08320552,0.08103534,0.08002844,0.08334721,0.07933935,0.09566887
46652.5,25,0.08320486,0.08103534,0.08002093,0.08334721,0.07933935,0.09566487
46772.8,25,0.08320428,0.08103534,0.08001556,0.08334721,0.07933935,0.09565970
46893.0,25,0.08320375,0.08103534,0.08001447,0.08334721,0.07933935,0.09565473
47013.2,25,0.08320278,0.08103534,0.08001294,0.08334721,0.07933935,0.09564180
47133.5,25,0.08320177,0.08103534,0.08001294,0.08334721,0.07933935,0.09563494
47253.7,25,0.08320119,0.08103534,0.08001267,0.08334721,0.07933935,0.09563389
47374.0,25,0.08320047,0.08103534,0.08001227,0.08334721,0.07933935,0.09563250
47494.2,25,0.08319941,0.08103534,0.08001227,0.08334720,0.07933935,0.09563007
47614.4,25,0.08319899,0.08103534,0.08001198,0.08334720,0.07933935,0.09562616
47734.7,25,0.08319888,0.08103534,0.08001198,0.08334720,0.07933935,0.09562581
47854.9,25,0.08319877,0.08103534,0.08001198,0.08334719,0.07933935,0.09562465
47975.2,25,0.08319862,0.08103534,0.08001198,0.08334706,0.07933935,0.09562288
48095.4,25,0.08319839,0.08103534,0.08001178,0.08334706,0.07933935,0.09562011
48215.6,25,0.08319830,0.08103534,0.08001178,0.08334706,0.07933935,0.09561991
48335.9,25,0.08319822,0.08103533,0.08001178,0.08334706,0.07933935,0.09561991
48456.1,25,0.08319814,0.08103533,0.08001178,0.08334706,0.07933935,0.09561982
48576.3,25,0.08319775,0.08103532,0.08001178,0.08334706,0.07933935,0.09561930
48696.6,25,0.08319743,0.08103531,0.08001176,0.08334702,0.07933935,0.09561834
48816.8,25,0.08319704,0.08103529,0.08001169,0.08334701,0.07933935,0.09561706
48937.1,25,0.08319641,0.08103528,0.08001169,0.08334701,0.07933935,0.09561223
49057.3,25,0.08319556,0.08103524,0.08001169,0.08334701,0.07933935,0.09560943
49177.5,25,0.08319486,0.08103518,0.08001169,0.08334701,0.07933935,0.09560346
49297.8,25,0.08319422,0.08103508,0.08001168,0.08334699,0.07933935,0.09559979
49418.0,25,0.08319344,0.08103497,0.08001168,0.08334699,0.07933935,0.09559441
49538.3,25,0.08319271,0.08103474,0.08001168,0.08334699,0.07933935,0.09558602
49658.5,25,0.08319172,0.08103444,0.08001168,0.08334698,0.07933935,0.09558006
49778.7,25,0.08319034,0.08103377,0.08001168,0.08334698,0.07933935,0.09556674
49899.0,25,0.08318866,0.08103323,0.08001168,0.08334698,0.07933935,0.09556204
50019.2,25,0.08318675,0.08103210,0.08001167,0.08334698,0.07933935,0.09556116
50139.4,25,0.08318473,0.08103063,0.08001167,0.08334698,0.07933935,0.09555588
50259.7,25,0.08318411,0.08102789,0.08001166,0.08334698,0.07933935,0.09555226
50379.9,25,0.08318333,0.08102586,0.08001166,0.08334698,0.07933935,0.09554687
50500.2,25,0.08318231,0.08102042,0.08001166,0.08334698,0.07933935,0.09554324
50620.4,25,0.08318151,0.08101553,0.08001166,0.08334698,0.07933935,0.09554011
50740.6,25,0.08318006,0.08101131,0.08001166,0.08334698,0.07933935,0.09551856
50860.9,25,0.08317899,0.08100959,0.08001164,0.08334698,0.07933935,0.09550798
50981.1,25,0.08317780,0.08100906,0.08001162,0.08334698,0.07933935,0.09549145
51101.4,25,0.08317717,0.08100868,0.08001161,0.08334698,0.07933935,0.09548526
51221.6,25,0.08317608,0.08100732,0.08001154,0.08334698,0.07933935,0.09547672
51341.8,25,0.08317479,0.08100521,0.08001145,0.08334698,0.07933935,0.09546214
51462.1,25,0.08317409,0.08100259,0.08001122,0.08334698,0.07933935,0.09545991
51582.3,25,0.08317341,0.08100033,0.08001092,0.08334698,0.07933935,0.09545147
51702.5,25,0.08317289,0.08100033,0.08001037,0.08334698,0.07933935,0.09545147
51822.8,25,0.08317248,0.08100033,0.08000964,0.08334698,0.07933935,0.09545030
51943.0,25,0.08317203,0.08100033,0.08000905,0.08334698,0.07933935,0.09544913
52063.3,25,0.08317137,0.08100032,0.08000863,0.08334698,0.07933935,0.09544882
52183.5,25,0.08317094,0.08100032,0.08000804,0.08334698,0.07933935,0.09544720
52303.7,25,0.08317059,0.08100032,0.08000634,0.08334698,0.07933935,0.09544714
52424.0,25,0.08317038,0.08100032,0.08000466,0.08334698,0.07933935,0.09544691
52544.2,25,0.08317003,0.08100032,0.08000290,0.08334698,0.07933935,0.09544691
52664.5,25,0.08316976,0.08100032,0.07999933,0.08334698,0.07933935,0.09544574
52784.7,25,0.08316957,0.08100031,0.07999617,0.08334698,0.07933935,0.09544497
52904.9,25,0.08316931,0.08100031,0.07999617,0.08334698,0.07933935,0.09543975
53025.2,25,0.08316907,0.08100031,0.07999562,0.08334698,0.07933935,0.09543577
53145.4,25,0.08316871,0.08100031,0.07999517,0.08334698,0.07933935,0.09542866
53265.6,25,0.08316843,0.08100031,0.07999515,0.08334698,0.07933935,0.09542382
53385.9,25,0.08316807,0.08100031,0.07999503,0.08334698,0.07933935,0.09541720
53506.1,25,0.08316759,0.08100031,0.07999481,0.08334698,0.07933935,0.09541104
53626.4,25,0.08316708,0.08100031,0.07999402,0.08334698,0.07933935,0.09540223
53746.6,25,0.08316679,0.08100031,0.07999378,0.08334698,0.07933935,0.09539797
53866.8,25,0.08316667,0.08100031,0.07999356,0.08334698,0.07933935,0.09539641
53987.1,25,0.08316625,0.08100031,0.07999328,0.08334698,0.07933935,0.09538958
54107.3,25,0.08316536,0.08100031,0.07999276,0.08334698,0.07933935,0.09537335
54227.6,25,0.08316493,0.08100031,0.07999149,0.08334690,0.07933935,0.09536553
54347.8,25,0.08316460,0.08100031,0.07998968,0.08334690,0.07933935,0.09536161
54468.0,25,0.08316415,0.08100031,0.07998968,0.08334690,0.07933935,0.09535442
54588.3,25,0.08316392,0.08100031,0.07998968,0.08334690,0.07933935,0.09535225
54708.5,25,0.08316359,0.08100031,0.07998968,0.08334690,0.07933935,0.09534541
54828.7,25,0.08316317,0.08100031,0.07998952,0.08334687,0.07933935,0.09533720
54949.0,25,0.08316283,0.08100031,0.07998952,0.08334687,0.07933935,0.09533041
55069.2,25,0.08316261,0.08100031,0.07998952,0.08334687,0.07933935,0.09532716
55189.5,25,0.08316246,0.08100031,0.07998947,0.08334686,0.07933935,0.09532463
55309.7,25,0.08316223,0.08100031,0.07998947,0.08334686,0.07933935,0.09532026
55429.9,25,0.08316217,0.08100031,0.07998947,0.08334686,0.07933935,0.09531926
55550.2,25,0.08316199,0.08100031,0.07998945,0.08334686,0.07933935,0.09531618
55670.4,25,0.08316172,0.08100031,0.07998942,0.08334686,0.07933935,0.09531035
55790.7,25,0.08316160,0.08100031,0.07998942,0.08334686,0.07933935,0.09530980
55910.9,25,0.08316147,0.08100031,0.07998942,0.08334686,0.07933935,0.09530979
56031.1,25,0.08316133,0.08100031,0.07998936,0.08334686,0.07933935,0.09530979
56151.4,25,0.08316120,0.08100031,0.07998933,0.08334686,0.07933935,0.09530979
56271.6,25,0.08316113,0.08100031,0.07998933,0.08334686,0.07933935,0.09530979
56391.8,25,0.08316108,0.08100031,0.07998933,0.08334686,0.07933935,0.09530962
56512.1,25,0.08316097,0.08100031,0.07998933,0.08334686,0.07933935,0.09530907
56632.3,25,0.08316090,0.08100031,0.07998933,0.08334686,0.07933935,0.09530891
56752.6,25,0.08316081,0.08100031,0.07998932,0.08334686,0.07933935,0.09530887
56872.8,25,0.08316074,0.08100031,0.07998932,0.08334686,0.07933935,0.09530886
56993.0,25,0.08316069,0.08100031,0.07998931,0.08334686,0.07933935,0.09530885
57113.3,25,0.08316056,0.08100031,0.07998931,0.08334686,0.07933935,0.09530876
57233.5,25,0.08316011,0.08100031,0.07998930,0.08334686,0.07933935,0.09530670
57353.8,25,0.08315950,0.08100031,0.07998923,0.08334686,0.07933935,0.09530393
57474.0,25,0.08315893,0.08100031,0.07998905,0.08334686,0.07933935,0.09530183
57594.2,25,0.08315778,0.08100031,0.07998878,0.08334686,0.07933935,0.09529904
57714.5,25,0.08315646,0.08100031,0.07998836,0.08334686,0.07933935,0.09529735
57834.7,25,0.08315554,0.08100031,0.07998798,0.08334685,0.07933935,0.09529662
57954.9,25,0.08315345,0.08100031,0.07995710,0.08334685,0.07933935,0.09529567
58075.2,25,0.08315194,0.08100030,0.07995710,0.08334684,0.07933935,0.09529468
58195.4,25,0.08315041,0.08100030,0.07995710,0.08334683,0.07933935,0.09529173
58315.7,25,0.08314800,0.08100030,0.07995710,0.08334683,0.07933935,0.09528489
58435.9,25,0.08314501,0.08100030,0.07995710,0.08334683,0.07933935,0.09527875
58556.1,25,0.08314192,0.08100028,0.07995710,0.08334682,0.07933935,0.09526993
58676.4,25,0.08313893,0.08100026,0.07995710,0.08334682,0.07933935,0.09526533
58796.6,25,0.08313670,0.08100019,0.07995710,0.08334681,0.07933935,0.09526198
58916.9,25,0.08313372,0.08100002,0.07995710,0.08334678,0.07933935,0.09525841
59037.1,25,0.08313238,0.08099966,0.07995710,0.08334678,0.07933935,0.09525841
59157.3,25,0.08313197,0.08099885,0.07995710,0.08334671,0.07933935,0.09525623
59277.6,25,0.08313016,0.08099803,0.07995710,0.08334671,0.07933935,0.09524249
59397.8,25,0.08312874,0.08099801,0.07995710,0.08334661,0.07933935,0.09522414
59518.0,25,0.08312766,0.08099800,0.07995709,0.08334657,0.07933935,0.09521451
59638.3,25,0.08312569,0.08099800,0.07995709,0.08334657,0.07933935,0.09519406
59758.5,25,0.08312408,0.08099800,0.07995709,0.08334656,0.07933935,0.09517496
59878.8,25,0.08312209,0.08099800,0.07995708,0.08334654,0.07933935,0.09516749
59999.0,25,0.08311924,0.08099800,0.07995708,0.08334654,0.07933935,0.09516749
